{
  "version": 8,
  "sources": {
    "custom-map": {
      "type": "raster",
      "tiles": [
        "tiles/{z}/{x}/{y}.png"
      ],
      "tileSize": 256,
      "maxzoom": 4,
      "bounds": [
        0,
        0,
        2434,
        3176
      ]
    }
  },
  "layers": [
    {
      "id": "background",
      "type": "background",
      "paint": {
        "background-color": "#1a1a2e"
      }
    },
    {
      "id": "map-layer",
      "type": "raster",
      "source": "custom-map"
    }
  ]
}